[
  {
    "id": "u1",
    "name": "Ionut V",
    "email": "ionut@example.com",
    "location": "Cluj-Napoca",
    "bio": "Fitness coach & guitar enthusiast. I love helping people get stronger and more confident.",
    "avatar": "",
    "skillsOffered": [
      "1",
      "2"
    ],
    "skillsWanted": [
      "3"
    ],
    "rating": 4.95,
    "swapsCompleted": 22,
    "badges": [
      "Mentor",
      "Helper",
      "Early Adopter"
    ]
  },
  {
    "id": "u2",
    "name": "Maria P",
    "email": "maria@example.com",
    "location": "Bucharest",
    "bio": "Python dev & language nerd. I can teach Python and I'm learning fitness & nutrition.",
    "avatar": "",
    "skillsOffered": [
      "3"
    ],
    "skillsWanted": [
      "2"
    ],
    "rating": 4.8,
    "swapsCompleted": 10,
    "badges": [
      "Mentor"
    ]
  }
]