[
  {
    "id": "1",
    "title": "Guitar for Beginners",
    "category": "Creative",
    "description": "Learn basic chords, strumming patterns and your first songs.",
    "location": "Cluj-Napoca",
    "mode": "in_person",
    "availability": "Evenings & Weekends",
    "ownerId": "u1",
    "rating": 4.9,
    "swapCount": 12,
    "image": "/guitar.jpg"
  },
  {
    "id": "2",
    "title": "Fitness & Muscle Gain Coaching",
    "category": "Fitness",
    "description": "Personalized training plans focused on strength and hypertrophy.",
    "location": "Online",
    "mode": "online",
    "availability": "Flexible",
    "ownerId": "u1",
    "rating": 5.0,
    "swapCount": 20,
    "image": "/fitness.jpg"
  },
  {
    "id": "3",
    "title": "Python Basics",
    "category": "Tech",
    "description": "Crash course in Python for total beginners.",
    "location": "Bucharest",
    "mode": "online",
    "availability": "Weeknights",
    "ownerId": "u2",
    "rating": 4.8,
    "swapCount": 8,
    "image": "/python.jpg"
  }
]